bandwidth, elapsed_time_s
2.5, 398.60300946235657
7.0, 386.55313444137573